Event Name,Magnitude
UBA : Large Outbound Transfer by High Risk User,10
Apache Struts2 OGNL Remote Code Execution,10
Struts2 OGNL Remote Code Execution Vulnerability,10
CoinMiner Command and Control Traffic Detection,9
EAAF Protection,9
Generic Cryptominer Traffic Detection,9
Unrecognized Vulnerability Exploit Threat Event,9
Attack Followed by an Attack Response,9
SSL alerts,9
Event pipeline dropped events,9
Apache.Log4j.Error.Log.Remote.Code.Execution - This indicates an attack attempt to exploit a Remote Code Execution Vulnerability in Apache Log4j,9
HTTP OPTIONS Method,9
Possible HTTP Malicious Payload Detection,9
UBA : Potential Lateral Movement,9
Failed Authentication Through Mail Protocol,9
UTM Dropped,9
phpunit Remote Code Execution Vulnerability,9
Multiple Exploit Malware Types Targeting a Single Destination,9
PNG File Chunk Length Abnormal,9
Error Message,9
Fortinet FortiGate IPS Event,9
OpenSSL SSLv2 Man-in-the-Middle Vulnerability,9
Apache HTTP Server Path Traversal Vulnerability,9
UBA : User Access from Restricted Location,9
Potential FastJson Deserialization Detection,9
GPON Home Routers Remote Code Execution Vulnerability,9
Citrix SD-WAN Center Unauthenticated Command Injection Vulnerability,9
Laravel.Ignition.Phar.Stream.Wrapper.Insecure.Deserialization - This indicates an attack attempt to exploit an Insecure Deserialization Vulnerability in Ignition which is used in Laravel Framework,9
Suspicious File Downloading Detection,9
ThinkPHP.Controller.Parameter.Remote.Code.Execution - This indicates an attack attempt to exploit a Remote Code Execution Vulnerability in ThinkPHP,9
Fastjson Shiro Deserialization Vulnerability,9
Webmin rpc.cgi Remote Code Execution Vulnerability,9
Apache CouchDB JSON Remote Privilege Escalation Vulnerability,9
YouPHPTube Encoder Command Injection Vulnerability,9
HTTP Directory Traversal Vulnerability,9
Elastic Elasticsearch Snapshot API Directory Traversal Vulnerability,9
Apache OFBiz CVE-2023-51467 Authentication Bypass,9
OpenMRS Insecure Object Deserialization Remote Code Execution Vulnerability,9
DNS Tunnel Data Infiltration Traffic Detection,9
Ivanti Cloud Service Appliance Client Index Path Traversal,9
HP Universal CMDB Default Credentials Security Bypass Vulnerability,9
Primetek Primefaces Remote Code Execution Vulnerability,9
Bash.Function.Definitions.Remote.Code.Execution - This indicates an attack attempt to exploit a Remote Code Execution vulnerability in Bash,9
Kemp LoadMaster Verify - Permissions Command Injection,9
Rejetto HFS CVE-2024-23692 Server-Side Template Injection (SSTI),9
Spring Framework SerializationUtils Insecure Deserialization,9
OwnCloud Graph API Get Php Information Disclosure,9
Telerik.Web.UI.RadAsyncUpload.Handling.Arbitrary.File.Upload,9
Beijing Grandview Century eHR Software SQL Injection vulnerability,9
Jolokia Agent JNDI Injection Vulnerability,9
Comodo UTM Firewall Web Console Remote Command Execution Vulnerability,9
D-Link DIR-619L Remote Command Execution Vulnerability,9
Pandora FMS Remote Code Execution Vulnerability,9
Zoho ManageEngine OpManager oputilsServlet Authentication Bypass Vulnerability,9
Supervisor XML RPC Command Injection Vulnerability,9
MS.Exchange.Server.ProxyRequestHandler.Remote.Code.Execution - This indicates an attack attempt to exploit a Remote Code Execution in Microsoft Exchange Server,9
Oracle Fusion Middleware Reports Developer File Access Vulnerability,9
D-Link Remote Code Execution Vulnerability,9
Kentico CMS Remote Code Execution Vulnerability,9
Seagate BlackArmor NAS Arbitrary Code Execution Vulnerability,9
FortiOS NodeJS Proxy Authentication Bypass,9
APISIX Admin API Default Token Remote Code Execution,9
Apache Tomcat Remote Code Execution Via JSP Upload Vulnerability,9
Primetek.Primefaces.5.Remote.Code.Execution,9
Revive Adserver Remote Code Execution Vulnerability,9
Oracle Business Intelligence Publisher Security Feature Bypass Vulnerability,9
OEM Presentation Platform Unauthenticated Remote Command Injection Vulnerability,9
Agentejo Cockpit Controller Auth PHP Multiple SQL Injection,9
Pentaho Authentication Bypass Vulnerability,9
NUUO NVRmini2 Arbitrary PHP Code Execution Vulnerability,9
HTTP SQL Injection Attempt,9
OpenDreamBox Remote Command Execution Vulnerability,9
Oracle.WebLogic.Fusion.Middleware.Authentication.Bypass - This indicates an attack attempt to exploit an Authentication Bypass Vulnerability in Oracle WebLogic Server,9
FasterXML.Jackson.readValue.Insecure.Deserialization - This indicates an attack attempt against a OS Command Execution vulnerability in the jackson-databind library,9
Belkin.Play.Max.SSID.Command.Injection,9
Apache.Commons.Collection.InvokerTransformer.Code.Execution - This indicates an attack attempt against a Code Execution vulnerability in Apache Commons Collections library,9
FlexPaper PHP Publish Service Remote Code Execution Vulnerability,9
HTTP Response Content Length Too Long,9
Fortra GoAnywhere Managed File Transfer (MFT) Authentication Bypass,9
GLPI (IT Equipment Manager) Project HTMLAWED TEST PHP Code Injection,9
Nortek Linear eMerge E3 ReaderNo Command Injection,9
Juniper Networks Junos OS Proxy-based HTTP/HTTPS/FTP Rule Configuration (PHPRC) ENV Value-Added Reseller (VAR) Remote Code Injection,9
Ivanti EPM Core Server CVE-2024-29824 SQL Injection,9
JetBrains TeamCity BaseController Authentication Bypass,9
HTTP.URI.Java.Code.Injection,9
D-Link Central WiFi Manager CWM Remote Command Injection Vulnerability,9
IBM Rational Quality Manager and Test Lab Manager Remote Code Execution Vulnerability,9
CryptoWall.Botnet,9
NETGEAR DGN BSW_cxttongr Information Disclosure,9
Zyxel Firewall Default Credentials,9
Barco Original Equipment Manufacturer (OEM) Presentation Platform Remote Command Injection,9
Atlassian Confluence Widget Connector Macro Path Traversal,9
CentOS Web Panel login Command Injection,9
Palo Alto Networks CVE-2024-0012 Authentication Bypass,9
Apache HugeGraph Gremlin Command Injection,9
Service Now jvar - Page - Title Jelly Remote Code Execution,9
Apache OFBiz Endpoints Incorrect Authorization Code Execution,9
Apache.Tapestry.ClasspathAssetRequest.Information.Disclosure - This indicates an attack attempt to exploit an Information Disclosure Vulnerability in Apache Software Foundation Tapestry,9
F5.iControl.REST.Interface.Remote.Command.Execution - This indicates an attack attempt to exploit a Code Injection Vulnerability in F5 iControl REST interface,9
Atlassian.Confluence.CVE-2021-26084.Remote.Code.Execution - This indicates an attack attempt to exploit a Remote Code Execution Vulnerability in Atlassian Confluence,9
PHPUnit.Eval-stdin.PHP.Remote.Code.Execution,9
Roteador.Wireless.Intelbras.WRN150.Autentication.Bypass - This indicates an attack attempt to exploit an Authentication Bypass Vulnerability in Intelbras WRN 150 devices,9
Apache.CouchDB.JSON.Privilege.Escalation,9
Red.Hat.JBoss.AS.doFilter.Insecure.Deserialization,9
ElFinder Command Injection Vulnerability,9
Western Digital MyCloud Multiple Remote Command Injection Vulnerability,9
VMware Workspace One Access Catalog Remote Code Execution,9
Oracle WebLogic Server CVE-2022-21371 Local File Inclusion,9
Ivanti Endpoint Protection Platform (EPM) Cloud Security Alliance (CSA) HTTP Cookie Remote Code Injection,9
Roxy - WI options API Remote Code Injection,9
VMware Aria Operations CVE-2023-20887 Command Injection,9
GeoServer OGC Eval Remote Code Execution,9
Totolink.Router.Cstecgi.Command.Injection - This indicates an attack attempt to exploit a Command Injection Vulnerability in Totolink routers,9
VMware.vCenter.CVE-2021-21985.Remote.Code.Execution - This indicates an attack attempt to exploit a Remote Code Execution in VMware vCenter,9
Configuration is changed,9
Disk scan is needed alert,9
Adobe Flash Player Memory Corruption Vulnerability,9
DNS ANY Request,8
UBA : D/DoS Attack Detected,8
DNS ANY Queries Brute Force DOS Attack,8
DNS flood IPv4 DNS-OTHER,8
Warning Message,8
User Login,8
User Logout,8
HTTP Request Pipeline Evasion Found,8
Potential Botnet Activity,8
SIP Register Request Attempt,8
SSH2 Login Attempt,8
DNS Long qname Detection,8
HTTP.URI.SQL.Injection - This indicates an attempt to exploit a SQL-injection vulnerability through HTTP requests,8
Apache.Log4j.Error.Log.Thread.Context.DoS - This indicates an attack attempt to exploit a Denial of Service Vulnerability in Apache Log4j,8
Microsoft Communicator INVITE Flood Denial of Service Vulnerability,8
HTTP Unauthorized Error,8
Cisco Malformed SNMP Message Format String Vulnerability,8
UBA : Detect Insecure Or Non-Standard Protocol,8
HTTP WWW-Authentication Failed,8
UBA : Account or Group or Privileges Added,8
Generic Path Traversal Detection,8
Web.Server.Password.Files.Access - This indicates an attempt to access a sensitive file through HTTP requests,8
UBA : Unauthorized Access,8
SIP Bye Request Attempt,8
SIP Malformed Request: Unacceptable Accept Offering,8
UBA : Dormant Account Used,8
Suspicious or malformed HTTP Referer field,8
Local Authentication Successful,8
Session Destroyed,8
Session Created,8
PowerDNS Authoritative Server Long qname Denial of Service Vulnerability,8
Excessive Firewall Denies Across Multiple Hosts From A Local Host,8
Microsoft Windows SMB Negotiate Request,8
Oracle.Forms.And.Reports.Remote.Code.Execution - This indicates an attack attempt to exploit a remote Code Execution Vulnerability in Oracle Forms and Reports,8
UBA : Dormant Account Use Attempted,8
GrandNode Ecommerce Lets Encrypt Controller Path Traversal,8
Metabase GeoJSON Path Traversal,8
Apache.Struts.OGNL.BeanMap.Remote.Code.Execution - This indicates an attack attempt to exploit a Remote Code Execution Vulnerability in Apache Software Foundation Struts,8
Login Failed Audit Log,8
Cisco.ASA.Web.Interface.Directory.Traversal,8
PHP.CGI.Argument.Injection - This indicates an attack attempt against an Argument Injection vulnerability in PHP CGI,8
Oracle.WebLogic.Server.wls-wsat.Component.Code.Injection,8
HTTP.Post.Directory.Traversal.File.Upload,8
MSNET Framework CVE-2024-29059 Information Disclosure,8
SolarWinds Serv-U Internal Directory (Dir) Path Traversal,8
Request Page Encounter Error,8
Ignite.Realtime.Openfire.CVE-2023-32315.Authentication.Bypass,8
Spring.Cloud.Function.Routing.Expression.Remote.Code.Execution,8
Potential Local port scan detected,8
Rejetto.HttpFileServer.Remote.Command.Injection,8
ConnectWise ScreenConnect SetupModule Authentication Bypass,8
Nexus Repository Manager Expression Language Injection,8
Grafana Labs Grafana Plugin Path Traversal,8
Oracle BI XML Publisher CVE-2019-2616 XML external entities (XXE),8
Apache OFBiz Get JSONuiLabel Server-Side Request Forgery (SSRF),8
XStream.Library.CVE-2020-26217.Insecure.Deserialization - This indicates an attack attempt to exploit an Insecure Deserialization Vulnerability in XStream,8
Apache.HTTP.Server.cgi-bin.Path.Traversal - This indicates an attack attempt to exploit a Path Traversal Vulnerability in Apache HTTP Server,8
Admin Session Created,8
Admin Login,8
Ruckus.IoT.Controller.Web.UI.Authentication.Bypass - This indicates an attack attempt to exploit an Authentication Bypass Vulnerability in Ruckus IoT Controller,8
Apache.Unomi.CVE-2020-13942.Command.Injection - This indicates an attack attempt to exploit a Command Injection Vulnerability in Apache Software Foundation Unomi,8
XStream.URLDataSource.SSRF - This indicates an attack attempt to exploit a Server-Side Request Forgery Vulnerability in XStream,8
HTTP.Unix.Shell.IFS.Remote.Code.Execution,8
Node.js.normalize.Handling.Security.Bypass,8
CPanel Error Page Webcall ID Reflected Cross Site Scripting (XSS),8
Mitel MiCollab NPM Path Traversal,8
Guangzhou Yingke Ncast IPSetup Command Injection,8
Firewall Deny,7
Health Metric,7
Blocked Action,7
Client RST Action,7
Server RST Action,7
Traffic timeout,7
Information Message,7
API request successful,7
Spyware Detected,7
TCP Scan,7
URL Blocked,7
Suspicious DNS Query,7
SSL,7
Local Suspicious Probe Events Detected,7
SSL_TLSv1.3 - This indicates an attempt to use the TLS 1.3 protocol,7
Spyware Packet Drop,7
Certificate validation passed,7
Network Anomaly Update (continuing activity),7
User Login,7
Network flood IPv4 UDP,7
Offense Closed,7
SSL_TLSv1.2 - This indicates an attempt to use the TLS 1.2 protocol,7
Firewall or ACL Accept Following Recon Activity,7
XMRig Miner Command and Control Traffic Detection,7
Network Anomaly Detected,7
Network Anomaly Observed,7
API request failure,7
Suspicious JavaScript Evasion Detected,7
Unknown Authentication Event,7
JavaScript Obfuscation Detected,7
JavaScript Obfuscation Detected,7
Unrecognized Spyware Threat Event,7
Search Results Saved,7
Apache Log4j Remote Code Execution Vulnerability,7
Task Added,7
Nmap Aggressive Option Print Detection,7
UBA : User Access at Unusual Times,7
Host Port Scan Detected by Remote Host,7
Audit Started,7
New Host Discovered,7
New Open Port Found,7
Network Anomaly Update (score change),7
Number Nodes for MAC Exceeded,7
AndroxGh0st Scanning Traffic Detection,7
Suspicious HTTP Evasion Found,7
SSL Double Client Hello Cipher Suite Length Mismatch,7
DNS flood IPv4 DNS-Text,7
Login Authentication Anomaly,7
Search Results Deleted,7
TP-Link Archer Router Command Injection Vulnerability,7
Amazon.AWS_S3 - This indicates an attempt to access Amazon S3 service,7
Local IRC Server Detected,7
Network Anomaly Update (MITRE mapping),7
Compromised or manufacturer default password found in HTTP Basic Authentication,7
Max events reached,7
Confluence Server OGNL Injection Remote Code Execution Vulnerability,7
Invalid Session Authentication Failed,7
Coremail.Mail.System.mailsms.Config.Information.Disclosure - This indicates an attack attempt to exploit an Information Disclosure Vulnerability in Coremail Mail System,7
D-Link DSL Soap Authorization Remote Command Execution Vulnerability,7
Netgear DGN Device Remote Command Execution Vulnerability,7
HTTP.Referer.Header.SQL.Injection,7
Realtek Jungle SDK Remote Code Execution Vulnerability,7
ThinkPHP Remote Code Execution Vulnerability,7
Suspicious Telerik Web UI Request,7
XAttacker Tool Prestashop Addons Arbitrary File Upload Vulnerability,7
Long Duration Flow Detected,7
XAttacker Tool Prestashop Addons Arbitrary File Upload Vulnerability,7
Reference Data Expiry,7
MVPower DVR Shell Unauthenticated Command Execution Vulnerability,7
OSSProxy PUP Traffic Detection,7
Zimbra Collaboration Error Code Cross Site Scripting (XSS),7
Hiddad Command and Control Traffic Detection,7
Zoneland O2OA Remote Code Execution Vulnerability,7
Drupal.Symfony.HTTP.request.header.Security.Bypass,7
Cisco ASA and FTD Arbitrary File Read Vulnerability,7
XStream Library Insecure Deserialization Vulnerability,7
Apache.Axis2.Default.Password.Access,7
Apache.Roller.OGNL.Injection.Remote.Code.Execution,7
HTTP SQL Injection Attempt,7
Alibaba.Nacos.API.User.Authentication.Bypass - This indicates an attack attempt against an Authentication Bypass vulnerability in Nacos,7
Zhiyuan OA Remote Code Execution Vulnerability,7
Artica Proxy cyrus.php Command Injection Vulnerability,7
Spring Core Remote Code Execution Vulnerability,7
Malformed DNS Response Detection,7
Apache Airflow Command Injection Vulnerability,7
Apache Kylin Command Injection Vulnerability,7
Laravel Ignition Remote Code Execution Vulnerability,7
HTTP Cross Site Scripting Attempt,7
Compromised or manufacturer default password found in HTTP Basic Authentication,7
Cisco Smart Install Protocol Vulnerability,7
Oracle WebLogic Server Web Service Config Arbitrary File Upload Vulnerability,7
Generic HTTP Cross Site Scripting Attempt,7
Shiro Deserialization Remote Code Execution Vulnerability,7
Apache Web Server Access Control Bypass Vulnerability,7
D-Link Router Remote Command Execution Vulnerability,7
Apache CouchDB Config Command Execution Vulnerability,7
Citrix Application Delivery Controllers (ADC) Gateway Software-Defined Wide Area Network (SD-WAN) Wide Area Network Optimization (WAN-OP) Report Authentication Bypass,7
Mantis Bug Tracker verify.php confirm_hash Remote Password Reset Vulnerability,7
Oria Gridx Remote Code Execution Vulnerability,7
YAWS Unauthenticated Remote File Disclosure Vulnerability,7
Generic IoT Device Remote Command Execution Vulnerability,7
Hongdian H8922 Industrial Router Remote Command Execution Vulnerability,7
PlaySMS Remote Code Execution Vulnerability,7
Jackson-databind Remote Code Execution Vulnerability,7
Vacron NVR Remote Command Execution Vulnerability,7
Synology Photo Station Arbitrary File Upload Vulnerability,7
Huawei HG532 Home Gateway Remote Code Execution Vulnerability,7
WebNMS Framework Server FileUploadServlet Arbitrary File Upload Vulnerability,7
Kingdee Deserialization Remote Code Execution Vulnerability,7
Policy: Local: Clear Text Application Usage,7
Possible HTTP Malicious Payload Detection,7
VMware vCenter Server Arbitrary File Upload Vulnerability,7
ThinkAdmin ModuleService.php checkAllowDownload Function Directory Traversal Vulnerability,7
Spring Data Commons Remote Code Execution Vulnerability,7
Apache Unomi Remote Code Execution Vulnerability,7
Apache Struts2 OGNL Expression Handling Script Injection Vulnerability,7
Pivotal Spring Patch Request Remote Code Execution Vulnerability,7
WordPress CodePeople Payment Form SQL Injection Vulnerability,7
D-LINK DIR Information Disclosure Vulnerability,7
Yii 2 Remote Code Execution Vulnerability,7
Multiple Login Failures for the Same User,7
Apache Struts 2 Remote Code Execution Vulnerability,7
ZEROF Web Server SQL Injection Vulnerability,7
TerraMaster TOS Remote Command Execution Vulnerability,7
KR Web PHP Remote File Include Vulnerability,7
TerraMaster Remote Command Execution Vulnerability,7
Zyxel USG Backdoor Account Vulnerability,7
Draytek Vigor Remote Command Execution Vulnerability,7
Cisco Prime Infrastructure Health Monitor TarArchive Directory Traversal Vulnerability,7
rConfig Remote Code Execution Vulnerability,7
YouPHPTube Encoder getImageMP4.php Command Injection Vulnerability,7
Apache Axis1.4 Remote Code Execution Vulnerability,7
Trend Micro Threat Discovery Appliance Directory Traversal Authentication Bypass Vulnerability,7
Cisco RV320/RV325 Router Unauthenticated Configuration Export Vulnerability,7
AFP Request Detection,7
Apache Struts2 Dynamic Method Remote Code Execution Vulnerability,7
Jenkins Exposure of Sensitive Information Vulnerability,7
Unmanaged Node Detected,7
WSO2 Management Console Login JSP Reflected Cross - Site Scripting (XSS),7
Network flood IPv4 UDP-FRAG,7
Adobe ColdFusion CKeditor Unrestricted File Upload Vulnerability,7
PHPMoAdmin Object Parameter Handling Code Execution Vulnerability,7
HTTP SQL Injection Attempt,7
VBulletin Open Redirect Vulnerability,7
DotCMS Open Redirect Vulnerability,7
Grafana Cross-Site Scripting Vulnerability,7
SAP NetWeaver AS JAVA Authentication Vulnerability,7
LILIN DVR Remote Command Execution Vulnerability,7
Oracle iPlanet Web Server Information Disclosure Vulnerability,7
Apache OFBiz Deserialization Vulnerability,7
Apache Tomcat Deserialization Vulnerability,7
DoctorAppointmentSystem SQL Injection Vulnerability,7
Yealink DM Pre Auth Remote Code Execution Vulnerability,7
FastJson Deserialization Vulnerability,7
Tenda AC11 Stack Buffer Overflow Vulnerability,7
Apache Dubbo Deserialization Vulnerability,7
Apache Struts2 Redirect/Action Method Remote Code Execution Vulnerability,7
HTTP GET Requests Long URI Anomaly,7
HTPasswd.Access,7
Qlik Sense Quick Mode Configuration (QMC) Path Traversal,7
BGP Neighbor Status Changed,7
WordPress.REST.API.Username.Enumeration.Information.Disclosure,7
Generic Webshell Command and Control Traffic Detection,7
vBulletin 5 Unserialize Remote Code Execution Vulnerability,7
WordPress Media Library Assistant Plugin Remote Code Execution Vulnerability,7
TOTOlink A7100RU Command Injection Vulnerability,7
Schneider Electric Command Injection Vulnerability,7
Zentao Remote Code Execution Vulnerability,7
C-Data Web Management System Command Injection Vulnerability,7
WordPress Authentication Bypass Vulnerability,7
PHP Remote Code Execution Vulnerability,7
Flir Ax8 Remote Command Injection Vulnerability,7
Cacti Authenticated Remote Code Execution Vulnerability,7
PDF Signer Remote Command Execution Vulnerability,7
Possible HTTP Malicious Payload Detection,7
RaspAP Remote Command Execution Vulnerability,7
Microsoft Open Management Infrastructure Remote Code Execution Vulnerability,7
Hikvision Camera Command Injection Vulnerability,7
Spring Cloud Gateway Code Injection Vulnerability,7
Grafana Labs Grafana Snapshot Authentication Bypass Vulnerability,7
Netgear RAX43 Command Injection Vulnerability,7
Telesquare SDT-CW3B1 Router Command Injection Vulnerability,7
Possible HTTP Malicious Payload Detection,7
Magmi Authentication Bypass Attempt Detection,7
OpenSNS Remote Command Execution Vulnerability,7
Ivanti Endpoint Manager Cloud Services Appliance Code Execution Vulnerability,7
FortiLogger Arbitrary File Upload Vulnerability,7
Micro Focus Operations Bridge Reporter Remote Command Execution Vulnerability,7
FastJson Deserialization Vulnerability,7
Weaver OA8 SQL Injection Vulnerability,7
Possible HTTP Malicious Payload Detection,7
PHP Backdoor Remote Code Execution Vulnerability,7
Schneider Electric EVlink Charging Station Firmware Authentication Bypass Vulnerability,7
Eyou Email System Remote Command Execution Vulnerability,7
VMware vCenter Server Remote Code Execution Vulnerability,7
XStream Remote Command Execution Vulnerability,7
Brother MFC-J6520DW Authentication Bypass Vulnerability,7
MAIL: User Login Brute Force Attempt,7
Jackson-Databind JNDI Remote Command Execution Vulnerability,7
FasterXML Jackson-Databind Deserialization Vulnerability,7
FasterXML Jackson-Databind Deserialization Vulnerability,7
HPE Smart Update Manager Unauthorized Remote Access Vulnerability,7
Apache Struts 2 Remote Code Execution Vulnerability,7
SolarWinds Orion API Authentication Bypass Vulnerability,7
PHP Code Injection Vulnerability,7
Spring Boot Actuator Remote Code Execution Vulnerability,7
Grafana Labs Grafana Original URL Cross - Site Scripting (XSS),7
NAKIVO Director Router Arbitrary File Read,7
Atlassian.Confluence.Server.S.Endpoint.Information.Disclosure - This indicates an attack attempt to exploit an Information Disclosure Vulnerability in Atlassian Confluence Server,7
Harbor.Project.Harbor.user.API.Privilege.Escalation - This indicates an attack attempt to exploit a Privilege Escalation Vulnerability in Harbor project Harbor,7
HP Universal CMDB Console Authentication Bypass Vulnerability,7
Admin Session Destroyed,7
Possible HTTP Malicious Payload Detection,7
Novell ZENworks Mobile Management Cross-Site Scripting Vulnerability,7
Rejetto HTTP File Server Remote Command Execution Vulnerability,7
D-Link.DIR.800.Series.getcfg.php.Information.Disclosure,7
Yonyou NC-Cloud Arbitrary File Upload Vulnerability,7
Chamilo Command Injection Vulnerability,7
Smartbi Built-in User Authentication Bypass Vulnerability,7
Adobe ColdFusion Improper Access Control Vulnerability,7
Anheng DAS-Gateway Remote Code Execution Vulnerability,7
Policy: Remote: Clear Text Application Usage,7
Weaver E-cology OA System Remote Code Execution Vulnerability,7
Zoho ManageEngine Multiple Products Remote Code Execution Vulnerability,7
Grafana Unauthenticated Denial-of-Service Vulnerability,7
TOTOLINK Command Injection Vulnerability,7
XStream Remote Code Execution Vulnerability,7
Oracle WebLogic Server Side Request Forgery Vulnerability,7
OpenSSL TLS Heartbleed Vulnerability,7
Possible HTTP Malicious Payload Detection,7
Jackson Deserialization Vulnerability,7
Linux Kernel ipip6_rcv Remote Denial of Service Vulnerability,7
Open Automation Software OAS Platform Authentication Bypass Vulnerability,7
Possible HTTP Malicious Payload Detection,7
Ruijieyi Networks Remote Command Execution Vulnerability,7
Sunhillo SureLine Unauthenticated OS Command Injection Vulnerability,7
Flood Detected,7
random-drop,1
Cisco IOS XE CVE-2023-20198 Associated Backdoor Traffic Detection,7
Multiple CCTV-DVR Remote Command Injection Vulnerability,7
HTTP SQL Injection Attempt,7
Netgear Routers Arbitrary Command Injection Vulnerability,7
Multiple Products Arbitrary File Location Upload Vulnerability,7
Cisco IOS Router Denial of Service Vulnerability,7
Microsoft Windows NAT Helper DNS Query Denial of Service,7
Digium Asterisk chan_skinny SCCP session Initiated Detection,7
Sun Solaris in.rwhod Vulnerability,7
Dnsmasq Integer Underflow Vulnerability,7
Smallshell ASP Webshell Upload Detection,7
SIP Malformed Request: Request-URI with Unknown Scheme,7
Censys.io.Scanner - This indicates detection of an attempted scan from Censys Vulnerability Scanner,7
FortiGuard webfilter unreachable,7
Possible HTTP Malicious Payload Detection,7
Apache.Tomcat.Transfer.Encoding.Request.Smuggling - This indicates detection of a HTTP Request Smuggling vulnerability in Apache Tomcat,7
Routing log-warning,7
Jira.Plugins.JiraWhitelist.SSRF - This indicates an attack attempt against a Server-Side Request Forgery vulnerability in Jira servlet plugins,7
TVT-Digital CCTV-DVR Remote Code Execution Vulnerability,7
SSL web application blocked,7
Auto-Update error encountered - configuration update may be required.,7
URL Filtering,6
DNS Query Message,6
utm redirect,6
Scan Detected,6
Ip-conn,6
Abnormal SSL traffic on port 443,6
Search Executed,6
Virus Detected,6
Non-RFC Compliant SSL Traffic on Port 443,6
DNS Detected,6
Search Results Deleted,6
Search Completed,6
Ping,6
Custom Rule Engine Message,6
Non-RFC Compliant SMTP Traffic on Port 25,6
NTP,6
Invalid L4 Header Length,6
Non-RFC Compliant DNS Traffic on Port 53/5353,6
Offense Created,6
SSL user failed to logged in,6
Non-RFC Compliant DNS Traffic on Port 53/5353,6
spyware-reset-both,6
Virtual WAN Link SLA Information,6
Tailscale,6
L4 Source or Dest Port Zero,6
Invalid TCP Flags,6
Reference Data Updated,6
Reference Data Purged,6
UDP Scan,6
STUN,6
Bitdefender.Service,6
Non-RFC Compliant HTTP Traffic on Port 80,6
Non-RFC Compliant DNS Traffic on Port 53/5353,6
Reference Data Created,6
Black List,6
Ping Sweep,6
Memcached-Server-Reflect,6
Client Application Firewall - Gitlab,6
Task Completed,6
SSL exit error,6
Non-RFC Compliant TFTP Traffic on Port 69,6
UTM Blocked,6
FileType Detected,6
Administration Delete Event,6
MS.Windows.Update - This indicates an attempt to update Microsoft Windows,6
QUIC - This indicates an attempt to use the QUIC protocol,6
Non-RFC Compliant HTTP Traffic on Port 80,6
Disk log has rolled,6
Non-RFC Compliant DNS Traffic on Port 53/5353,6
Trusted certificate added,6
IP Address Created,6
Suspicious User-Agent Strings Detection,6
Microsoft.Portal,6
Non-RFC Compliant DNS Traffic on Port 53/5353,6
Github,6
DoS event,6
BDoS baseline learning is active,6
SMTP,6
SMTPS,6
HTTP.BROWSER,6
Microsoft.Office.365.Portal,6
DHCP statistics,6
Non-RFC Compliant SMTP Traffic on Port 25,6
Suspicious HTTP Response Found,6
Non-RFC Compliant DNS Traffic on Port 53/5353,6
Yum.Tool,6
DNS.Over.TLS,6
Interface Status Change,6
New NAC node detected,6
Non-RFC Compliant SMTP Traffic on Port 25,6
Reference Data Removed,6
SOAP,6
Nessus.Scanner - This indicates detection of an attempted scan to access various files on a server by Nessus Vulnerability Scanner,6
Root.Certificate.URL,6
Ubuntu.Update,6
Non-RFC Compliant SMTP Traffic on Port 25,6
Defensepro Message,6
Non-RFC Compliant SMTP Traffic on Port 25,6
Wasabi,6
Google.Services,6
Microsoft.Authentication,6
OneDrive,6
Source Address same as Dest Address (Land Attack),6
TCP-Over-DNS Traffic Evasion Application Detection,6
AndroxGh0st Scanning Traffic Detection,6
Trace.Route - This indicates an attempt to access Traceroute,6
UBA : Suspicious Privileged Activity (Rarely Used Privilege),6
Non-RFC Compliant SMTP Traffic on Port 25,6
SearchCanceled,6
Virtual WAN Link status-notice,6
HA secondary synchronized FLDB,6
HA secondary synchronized Virus database,6
HA secondary synchronized Extended database,6
NTP server status changes to unresolvable,6
JavaScript Obfuscation Detected,6
Genian NAC Message,6
Non-RFC Compliant HTTP Traffic on Port 80,6
Non-RFC Compliant SSL Traffic,6
Virtual WAN Link SLA Information Notice,6
Login Success,6
Auth Server Password accepted,6
Google.Play - This indicates an attempt to access Google Play,6
SNMP query failed,6
Microsoft.Store,6
Login Failed,6
IPv6 Address Change,6
Docker - This indicates an attempt to access Docker,6
Local SSH Scanner Detected,6
Non-RFC Compliant HTTP Traffic on Port 80,6
Google.Accounts,6
Telegram - This indicates an attempt to access Telegram Messenger,6
Administration Edit Event,6
Windows.Push.Notification - Attempt to use Windows Push Notification,6
reseeding,6
Skype.Portals,6
Microsoft.OneNote,6
Non-RFC Compliant NTP Traffic on Port 123,6
Non-RFC Compliant NTP Traffic on Port 123,6
IPSec Negotiation Error,6
Backup Completed,6
Backup Initiated,6
Backup Purged,6
Synchronization status with primary,6
Certificate Expired,6
Endpoint Connection Closed,6
FortiGate update failed,6
Defect Inspector,6
Abnormal Multiple Transfer-Encoding HTTP Response Found,6
Session Allowed,5
UTM DNS pass,5
Forward Traffic,5
Allow Action,5
Firewall Permit,5
TLS Encrypted Client Hello Extension Detection,5
Suspicious TLS Evasion Found,5
SSL new connection,5
spyware-drop,5
progress IPsec phase,5
Suspicious HTTP Evasion Found,5
Non-TLS Traffic On Port 443(95479),5
IP Address Updated,5
delete IPsec phase 1 SA,5
Gitscanner Traffic Detected(95497),5
Tunnel Stats,5
Use of hybrid Classical and Post Quantum Cyphers ECDH and Crystals-Kyber detected,5
SSL TLS CBC Cipher Suite Detection,5
UBA : New internal asset used,5
IP Address Disclosure Detection,5
GTPv1 Echo Request Message,5
install IPsec SA,5
Invalid IPv4 Header or Total Length,5
DNS-Protection event,5
ENV File Scanning Attempt,5
delete IPsec phase 2 SA,5
Port Observed,5
TCP handshake violation,5
WordPress Login Attempt Detection,5
Misc Performance statistics,5
Tunnel Up,5
Tunnel Down,5
Metasploit VxWorks WDB Agent Scanner Detection,5
UBA : Increased activity to internal destination port,5
User Added to Auth Logon,5
Auth Logout,5
UBA : Unusual network zone access,5
User Logout,5
Threat feed loaded,5
SFTP Config JSON File Download Attempt,5
SIPVicious Scanner Detection,5
ZGrab Application Layer Scanner Detection,5
Interface Created,5
Asset Created,5
UBA : Abnormal usage of internal asset,5
Non-RFC Compliant SMTP Traffic on Port 25,5
UBA : Abnormal increase in User activity,5
Asset Deleted,5
Coremail Information Disclosure Vulnerability,5
HTTP Non RFC-Compliant Response Found,5
Unsupported L4 Protocol,5
Oracle 9i Application Server Dynamic Monitoring Services Anonymous Access,5
Microhard Systems 4G Cellular Ethernet and Serial Gateway Information Disclosure Vulnerability,5
HTTP Directory Traversal Request Attempt,5
Dynamic address updated,5
UBA : Abnormal increase in Authentication activity,5
Dormant Account Found,5
New Account Use Detected,5
Dormant Account Used,5
UBA : Abnormal increase in Access activity,5
Incorrect IPv4 checksum,5
Virus Definition Update,5
FortiGate update succeeded,5
Compromised or commonly used username found in HTTP Basic Authentication,5
Run Command,5
UBA : Deviation from normal Risk posture,5
OpenSSL TLS Heartbeat Found,5
UBA : Increase in successful access and authentication,5
Compromised or manufacturer default password found in HTTP Basic Authentication,5
Compromised or manufacturer default password found in HTTP Basic Authentication,5
Disk log directory deleted,5
Compromised or manufacturer default password found in HTTP Basic Authentication,5
Port Deleted,5
Automation Stitch Triggered,5
Security Rating summary-notice,5
Compromised or manufacturer default password found in HTTP Basic Authentication,5
UBA : First time access to internal destination port,5
Local Windows Scanner Detected,5
Node Policy Update Success,5
UBA : First time access to network zone,5
Nmap Scripting Engine Detection,5
Compromised or manufacturer default password found in HTTP Basic Authentication,5
Manufacturer default username and password found in HTTP Basic Authentication,5
Virtual WAN Link Status Information,5
Atlassian Confluence Directory Traversal Vulnerability,5
HTTP Default Password Detection,5
Alibaba Nacos Authentication Bypass Vulnerability,5
Non-RFC Compliant HTTP Traffic on Port 80,5
Compromised or manufacturer default password found in HTTP Basic Authentication,5
Compromised or manufacturer default password found in HTTP Basic Authentication,5
Logout Success,5
PHP CGI Query String Parameter Handling Information Disclosure Vulnerability,5
Non-RFC Compliant RTSP Traffic,5
UTM Permit - VOIP log,5
NTP server status changes to unreachable,5
Atlassian Jira Server and Data Center Groupuserpicker Information Disclosure Vulnerability,5
Non-RFC Compliant HTTP Traffic on Port 80,5
Non-RFC Compliant HTTP Traffic on Port 80,5
Compromised or manufacturer default password found in HTTP Basic Authentication,5
Anomaly Detection Engine Message,5
Non-RFC Compliant HTTP Traffic on Port 80,5
Compromised or manufacturer default password found in HTTP Basic Authentication,5
Compromised or manufacturer default password found in HTTP Basic Authentication,5
Avtech Devices Unauthenticated Information Disclosure Vulnerability,5
IP Address Deleted,5
Interface Deleted,5
Threat Feed updated - Information,5
Nmap Service Detection,5
Acunetix Web Vulnerability Scanner Detection,5
Qianxin SSLVPN Improper Access Control Vulnerability,5
Compromised or manufacturer default password found in HTTP Basic Authentication,5
Compromised or manufacturer default password found in HTTP Basic Authentication,5
Compromised or manufacturer default password found in HTTP Basic Authentication,5
Compromised or manufacturer default password found in HTTP Basic Authentication,5
DNS Zone Transfer AXFR Attempt,5
Compromised or manufacturer default password found in HTTP Basic Authentication,5
Compromised or manufacturer default password found in HTTP Basic Authentication,5
Non-RFC Compliant IMAP Traffic on Port 143,5
FortiGuard webfilter reachable,5
System Add Event,5
Authentication timed out,5
Endpoint added,5
Wildfire Virus Reset Both,5
reset-both,1
Apache Shiro Improper Authentication Vulnerability,4
Phase2 Down,4
SSL Weak Cipher Suite Selection Vulnerability,4
Use of insecure SSLv3.0 Found in Server Response,4
Phase2 Up,4
UNIX NFS Export Directory Attempt,4
Tongda OA Online Arbitrary User Login Vulnerability,4
GTPv2-C Echo Request Message,4
IPsec DPD,4
SCADA ICCP COTP Connection Request from Unauthorized Client,4
NetBIOS nbtstat query,4
Microsoft Exchange Server Remote Code Execution Vulnerability,4
Telerik UI DialogHandler Request,4
OpenSSL Empty SNI Extension Found,4
SCADA Modbus Device Identification Read Attempt,4
SCADA Modbus Read Request to a PLC Attempt,4
Buffalo WSR-2533DHPL2 Path Traversal Vulnerability,4
DataTaker DT80 Information Disclosure Vulnerability,4
VMware vCenter Server Arbitrary File Read Vulnerability,4
Ruckus Remote Authentication Bypass Vulnerability,4
Amcrest IPM-721S Information Disclosure Vulnerability,4
SCADA DNP3 Miscellaneous Request to a PLC Attempt,4
Socomec DIRIS A-40 Information Disclosure Vulnerability,4
PAN-OS Authentication Bypass Vulnerability,4
Adobe ColdFusion IPFilterUtils Improper Access Control Vulnerability,4
DedeCMS Information Disclosure Vulnerability,4
WordPress Email Plugin Information Disclosure Vulnerability,4
JBoss Information Disclosure Vulnerability,4
Masscan Port Scanning Tool Detection,4
DLink DSL Information Disclosure Vulnerability,4
Remote Database Scanner Detected,4
Atlassian Jira Server and Data Center QueryComponent Information Disclosure Vulnerability,4
Dahua Improper Authentication Vulnerability,4
Eclipse Jetty Information Disclosure Vulnerability,4
F5 BIG-IP Authentication Bypass Vulnerability,4
Apache Tapestry ClasspathAssetRequestHandler Information Disclosure Vulnerability,4
Remote Proxy Server Scanner Detected,4
Joomla Improper Access Control Vulnerability,4
Advantech Studio NTWebServer Arbitrary File Access Vulnerability,4
Atlassian Confluence Server Information Disclosure Vulnerability,4
HTTP Request Directory Path Traversal Detection,4
Afterlogic Aurora Information Disclosure Vulnerability,4
Zhiyuan OA Information Disclosure Vulnerability,4
WordPress WPGraphQL Plugin Authentication Bypass and Information Disclosure Vulnerability,4
PHP DIESCAN Information Disclosure Vulnerability,4
HTTP Post Content Length Too Long,4
POODLE Bites Vulnerability,4
UBA : New Account Use Detected,3
Remote IRC Scanner Detected,7
